City_ID,City,Country,Date,Lat,Lng,Max Temp,Humidity,Cloudiness,Wind Speed
0,Busselton,AU,2022-01-21 16:54:22,-33.65,115.3333,77.09,44,1,8.52
1,Barrow,US,2022-01-21 16:51:07,71.2906,-156.7887,-25.58,68,100,9.22
2,Hilo,US,2022-01-21 16:53:13,19.7297,-155.09,69.24,92,60,5.01
3,Rikitea,PF,2022-01-21 16:54:22,-23.1203,-134.9692,77.86,75,100,8.21
4,Raipur,IN,2022-01-21 16:50:49,21.2333,81.6333,68.14,68,1,2.3
5,Gigmoto,PH,2022-01-21 16:54:23,13.7796,124.39,76.5,88,54,13.67
6,Qaanaaq,GL,2022-01-21 16:54:23,77.484,-69.3632,-2.51,96,100,8.14
7,Orel,RU,2022-01-21 16:54:23,52.9658,36.0803,24.64,94,99,15.97
8,Cherskiy,RU,2022-01-21 16:54:24,68.75,161.3,-47.9,100,57,4.12
9,Albany,US,2022-01-21 16:52:03,42.6001,-73.9662,14.61,59,48,1.01
10,Saint-Denis,FR,2022-01-21 16:54:24,48.9167,2.3333,41.68,80,20,1.01
11,Ayorou,NE,2022-01-21 16:54:24,14.7308,0.9174,80.47,10,4,11.9
12,Mugur-Aksy,RU,2022-01-21 16:54:25,50.35,90.5,-8.05,96,86,5.86
13,Puerto Ayora,EC,2022-01-21 16:53:49,-0.7393,-90.3518,80.56,80,53,8.43
14,Castro,BR,2022-01-21 16:54:25,-24.7911,-50.0119,81.27,57,10,5.7
15,Atuona,PF,2022-01-21 16:54:25,-9.8,-139.0333,78.58,73,41,23.42
16,Vaini,TO,2022-01-21 16:54:26,-21.2,-175.2,81.03,72,38,13.04
17,Khilok,RU,2022-01-21 16:54:26,51.3674,110.4676,-5.28,100,47,1.74
18,New Norfolk,AU,2022-01-21 16:54:27,-42.7826,147.0587,56.71,73,0,2.3
19,Caravelas,BR,2022-01-21 16:54:27,-17.7125,-39.2481,84.81,62,32,10.45
20,Ribeira Grande,PT,2022-01-21 16:54:27,38.5167,-28.7,66.6,59,20,18.41
21,Jamestown,US,2022-01-21 16:50:08,42.097,-79.2353,15.33,41,20,4.61
22,Yulara,AU,2022-01-21 16:54:28,-25.2406,130.9889,78.64,73,75,10.36
23,Butaritari,KI,2022-01-21 16:54:28,3.0707,172.7902,80.98,76,72,14.74
24,Thompson,CA,2022-01-21 16:54:28,55.7435,-97.8558,1.56,78,75,16.11
25,Prince Rupert,CA,2022-01-21 16:54:28,54.3161,-130.3201,44.29,81,75,14.97
26,Hobart,AU,2022-01-21 16:54:29,-42.8794,147.3294,57.06,88,0,2.3
27,Touros,BR,2022-01-21 16:54:29,-5.1989,-35.4608,88.7,54,41,11.9
28,Punta Arenas,CL,2022-01-21 16:54:29,-53.15,-70.9167,69.82,76,40,6.91
29,Kalanchak,UA,2022-01-21 16:54:30,46.2562,33.2907,30.97,56,100,8.05
30,Provideniya,RU,2022-01-21 16:49:37,64.3833,-173.3,2.73,94,98,16.82
31,Azare,NG,2022-01-21 16:54:30,11.6765,10.1948,74.61,18,14,8.12
32,Mataura,NZ,2022-01-21 16:54:30,-46.1927,168.8643,55.47,93,57,3.76
33,Carnarvon,AU,2022-01-21 16:54:31,-24.8667,113.6333,86.07,37,1,18.41
34,Conceicao Do Araguaia,BR,2022-01-21 16:54:31,-8.2578,-49.2647,90.0,51,3,5.66
35,Fort Nelson,CA,2022-01-21 16:54:31,58.8053,-122.7002,-2.61,78,100,3.44
36,Hami,CN,2022-01-21 16:54:32,42.8,93.45,26.29,48,48,0.18
37,Isangel,VU,2022-01-21 16:54:32,-19.55,169.2667,79.09,89,76,7.16
38,Kahului,US,2022-01-21 16:54:32,20.8947,-156.47,73.85,85,4,5.01
39,Bredasdorp,ZA,2022-01-21 16:54:33,-34.5322,20.0403,77.29,64,0,19.57
40,Saint-Philippe,RE,2022-01-21 16:54:33,-21.3585,55.7679,81.99,83,44,16.28
41,Changji,CN,2022-01-21 16:54:33,44.0167,87.3167,20.19,93,100,2.24
42,Muroto,JP,2022-01-21 16:54:34,33.2833,134.15,43.5,59,100,4.72
43,Mount Isa,AU,2022-01-21 16:49:35,-20.7333,139.5,76.77,100,75,6.91
44,Liverpool,GB,2022-01-21 16:54:34,53.4106,-2.9779,44.55,82,75,5.01
45,Alyangula,AU,2022-01-21 16:54:34,-13.8483,136.4192,78.67,100,95,1.14
46,Copiapo,CL,2022-01-21 16:54:35,-27.3667,-70.3333,67.69,28,0,10.0
47,East London,ZA,2022-01-21 16:54:35,-33.0153,27.9116,77.94,83,20,11.5
48,Komsomolskiy,UZ,2022-01-21 16:55:35,40.4272,71.7189,36.82,69,9,4.61
49,Gat,IL,2022-01-21 16:55:03,31.61,34.7642,52.81,23,10,6.24
50,Dalvik,IS,2022-01-21 16:55:36,65.9702,-18.5286,39.13,72,46,28.12
51,Kapaa,US,2022-01-21 16:55:36,22.0752,-159.319,72.43,79,0,3.22
52,Strai,NO,2022-01-21 16:55:36,58.2,7.9,43.63,77,0,3.44
53,Kewanee,US,2022-01-21 16:55:37,41.2456,-89.9248,19.44,70,5,6.89
54,Port Elizabeth,ZA,2022-01-21 16:55:37,-33.918,25.5701,77.29,83,75,11.5
55,Rincon,US,2022-01-21 16:55:37,32.296,-81.2354,42.98,90,100,8.5
56,Coihaique,CL,2022-01-21 16:55:38,-45.5752,-72.0662,63.21,65,75,9.66
57,Arraial Do Cabo,BR,2022-01-21 16:55:38,-22.9661,-42.0278,87.76,70,20,13.8
58,Saint-Pierre,RE,2022-01-21 16:55:38,-21.3393,55.4781,82.08,83,0,4.61
59,Atagay,RU,2022-01-21 16:55:39,55.1033,99.3875,-7.8,100,100,2.57
60,Dunedin,NZ,2022-01-21 16:55:34,-45.8742,170.5036,56.8,81,13,3.0
61,Bluff,NZ,2022-01-21 16:55:39,-46.6,168.3333,55.8,75,91,18.3
62,Casteltermini,IT,2022-01-21 16:55:39,37.5405,13.6445,47.88,69,58,5.97
63,General Pico,AR,2022-01-21 16:51:13,-35.6566,-63.7568,79.99,78,86,7.94
64,Rognan,NO,2022-01-21 16:55:40,67.0953,15.3878,26.89,86,99,7.96
65,Esperance,AU,2022-01-21 16:55:40,-33.8667,121.9,66.04,89,39,9.15
66,College,US,2022-01-21 16:55:41,64.8569,-147.8028,6.78,80,0,3.44
67,Pisco,PE,2022-01-21 16:54:52,-13.7,-76.2167,73.45,78,0,9.22
68,Tottori,JP,2022-01-21 16:54:26,35.5,134.2333,36.14,70,100,0.76
69,Peleduy,RU,2022-01-21 16:55:41,59.6289,112.7406,8.62,97,100,4.38
70,Mwinilunga,ZM,2022-01-21 16:55:41,-11.7358,24.4293,63.61,96,100,4.43
71,Bud,US,2022-01-21 16:55:42,39.447,-86.1758,22.82,63,0,8.61
72,Asau,RO,2022-01-21 16:55:42,46.4333,26.4,30.76,52,5,10.47
73,Kaitangata,NZ,2022-01-21 16:55:42,-46.2817,169.8464,56.93,72,31,6.31
74,Zelenets,RU,2022-01-21 16:55:42,61.8849,50.7489,17.85,94,100,7.38
75,Tocache,PE,2022-01-21 16:55:43,-8.1842,-76.5125,74.17,91,99,0.81
76,Road Town,VG,2022-01-21 16:55:43,18.4167,-64.6167,82.44,61,20,14.97
77,Sungaipenuh,ID,2022-01-21 16:55:43,-2.0833,101.3833,63.93,96,91,1.43
78,Sovetskiy,RU,2022-01-21 16:55:44,61.3614,63.5842,6.13,98,80,4.43
79,Mar Del Plata,AR,2022-01-21 16:55:38,-38.0023,-57.5575,77.88,81,100,7.0
80,Cape Town,ZA,2022-01-21 16:55:01,-33.9258,18.4232,81.01,54,0,5.01
81,Vao,NC,2022-01-21 16:55:44,-22.6667,167.4833,77.7,85,98,15.14
82,Eydhafushi,MV,2022-01-21 16:55:44,5.1033,73.0708,81.46,63,75,8.68
83,Souillac,MU,2022-01-21 16:55:45,-20.5167,57.5167,82.78,89,75,14.97
84,Nantucket,US,2022-01-21 16:55:45,41.2835,-70.0995,28.51,78,100,20.65
85,Anloga,GH,2022-01-21 16:51:13,5.7947,0.8973,88.02,51,43,13.02
86,Lufilufi,WS,2022-01-21 16:55:45,-13.8745,-171.5986,78.58,80,100,8.01
87,Gimbi,ET,2022-01-21 16:55:46,9.1667,35.8333,63.37,37,73,2.08
88,Atar,MR,2022-01-21 16:55:46,20.5169,-13.0499,88.65,12,78,14.18
89,Coquimbo,CL,2022-01-21 16:55:46,-29.9533,-71.3436,67.73,59,0,14.97
90,Lhokseumawe,ID,2022-01-21 16:55:47,5.1801,97.1507,77.2,84,20,4.41
91,Hermanus,ZA,2022-01-21 16:55:47,-34.4187,19.2345,89.91,58,0,18.12
92,Milkovo,RU,2022-01-21 16:56:47,54.7167,158.6167,4.19,97,100,2.13
93,Great Falls,US,2022-01-21 16:54:39,47.5002,-111.3008,35.42,74,100,1.01
94,Tasiilaq,GL,2022-01-21 16:56:48,65.6145,-37.6368,14.86,70,100,5.41
95,Rio Grande,BR,2022-01-21 16:56:15,-32.035,-52.0986,87.91,68,3,15.12
96,Nikolskoye,RU,2022-01-21 16:56:48,59.7035,30.7861,28.29,95,99,7.38
97,Chokurdakh,RU,2022-01-21 16:56:48,70.6333,147.9167,-41.15,100,67,4.36
98,Bardiyah,LY,2022-01-21 16:56:49,31.7561,25.0865,54.88,50,11,10.92
99,Port Alfred,ZA,2022-01-21 16:54:12,-33.5906,26.891,77.72,82,9,12.33
100,Norman Wells,CA,2022-01-21 16:56:49,65.282,-126.8329,-41.76,66,20,5.75
101,Ushuaia,AR,2022-01-21 16:56:46,-54.8,-68.3,65.82,63,40,6.91
102,Faanui,PF,2022-01-21 16:56:49,-16.4833,-151.75,80.56,76,100,15.86
103,Nhulunbuy,AU,2022-01-21 16:56:50,-12.2333,136.7667,81.21,89,40,3.44
104,Lincoln,US,2022-01-21 16:55:51,40.8,-96.667,20.14,62,4,5.99
105,Iqaluit,CA,2022-01-21 16:56:50,63.7506,-68.5145,-31.27,66,20,3.0
106,Abu Samrah,SY,2022-01-21 16:56:50,35.3029,37.1841,46.13,61,98,5.08
107,Chapais,CA,2022-01-21 16:56:51,49.7834,-74.8492,-11.42,87,68,9.1
108,Birjand,IR,2022-01-21 16:56:21,32.8663,59.2211,27.07,68,100,13.8
109,Yarada,IN,2022-01-21 16:56:51,17.65,83.2667,75.52,94,40,2.3
110,Bambous Virieux,MU,2022-01-21 16:56:51,-20.3428,57.7575,82.65,89,75,14.97
111,Sakakah,SA,2022-01-21 16:56:52,29.9697,40.2064,47.77,38,0,6.89
112,Mega,ET,2022-01-21 16:56:52,4.05,38.3,71.02,30,100,3.22
113,Kirakira,SB,2022-01-21 16:56:52,-10.4544,161.9205,78.82,87,100,6.78
114,Saint George,US,2022-01-21 16:56:53,37.1041,-113.5841,44.55,45,100,4.7
115,Torbay,CA,2022-01-21 16:56:53,47.6666,-52.7314,30.88,95,100,10.36
116,Kruisfontein,ZA,2022-01-21 16:56:53,-34.0033,24.7314,74.88,73,14,13.2
117,Dong Xoai,VN,2022-01-21 16:56:54,11.5333,106.9167,70.83,78,21,1.79
118,Ponta Do Sol,PT,2022-01-21 16:56:54,32.6667,-17.1,69.12,36,100,13.35
119,Ostrovnoy,RU,2022-01-21 16:56:54,68.0531,39.5131,28.04,75,100,19.37
120,Lodwar,KE,2022-01-21 16:56:55,3.1191,35.5973,88.21,31,66,4.99
121,Lazaro Cardenas,MX,2022-01-21 16:56:55,17.9583,-102.2,81.09,58,93,2.91
122,Khatanga,RU,2022-01-21 16:56:55,71.9667,102.5,16.34,93,100,17.4
123,Solnechnyy,RU,2022-01-21 16:56:56,50.7214,136.6319,-13.77,99,32,3.22
124,Faya,SA,2022-01-21 16:56:56,18.3851,42.4509,57.31,71,12,3.62
125,Kamina,CD,2022-01-21 16:56:56,-8.7386,24.9906,66.43,93,87,5.5
126,Chuy,UY,2022-01-21 16:56:56,-33.6971,-53.4616,89.58,53,23,11.72
127,Belmonte,BR,2022-01-21 16:56:57,-15.8631,-38.8828,84.7,62,16,10.94
128,Trairi,BR,2022-01-21 16:56:57,-3.2778,-39.2689,86.31,59,67,10.16
129,Berlevag,NO,2022-01-21 16:56:57,70.8578,29.0864,26.6,64,100,11.61
130,Dikson,RU,2022-01-21 16:56:58,73.5069,80.5464,15.3,95,100,10.98
131,Okakarara,NA,2022-01-21 16:56:58,-20.5833,17.4333,81.86,34,100,9.93
132,Matagami,CA,2022-01-21 16:56:58,49.7502,-77.6328,-3.89,71,0,8.05
133,Hithadhoo,MV,2022-01-21 16:56:59,-0.6,73.0833,81.45,74,36,12.88
134,Ambovombe,MG,2022-01-21 16:56:59,-25.1667,46.0833,74.59,88,73,11.61
135,Salalah,OM,2022-01-21 16:56:59,17.0151,54.0924,73.87,37,7,22.82
136,Rorvik,NO,2022-01-21 16:57:00,64.8621,11.2373,24.78,79,100,13.04
137,San Cristobal,VE,2022-01-21 16:58:00,7.7669,-72.225,77.18,33,45,6.4
138,Severo-Kurilsk,RU,2022-01-21 16:58:00,50.6789,156.125,29.73,79,100,14.58
139,Vuktyl,RU,2022-01-21 16:58:01,63.8567,57.3094,16.36,93,100,9.98
140,Lasa,IT,2022-01-21 16:58:01,46.6166,10.7002,30.36,81,3,9.04
141,Porkhov,RU,2022-01-21 16:58:01,57.765,29.5561,24.69,98,100,4.47
142,Mustasaari,FI,2022-01-21 16:58:02,63.1142,21.6822,26.89,74,20,14.97
143,Leh,IN,2022-01-21 16:58:02,34.1667,77.5833,-3.06,83,38,3.38
144,Kavieng,PG,2022-01-21 16:58:02,-2.5744,150.7967,82.22,72,100,2.73
145,Marsa Matruh,EG,2022-01-21 16:58:02,31.3525,27.2453,55.2,46,11,5.82
146,Los Llanos De Aridane,ES,2022-01-21 16:58:03,28.6585,-17.9182,65.95,77,20,1.99
147,Yellowknife,CA,2022-01-21 16:54:35,62.456,-114.3525,-25.08,75,20,5.75
148,Saint-Francois,FR,2022-01-21 16:58:03,46.4154,3.9054,37.47,63,40,10.36
149,Klaksvik,FO,2022-01-21 16:58:04,62.2266,-6.589,47.32,84,100,27.38
150,Sur,OM,2022-01-21 16:58:04,22.5667,59.5289,71.38,57,2,19.01
151,Nara,JP,2022-01-21 16:57:39,34.6851,135.8049,38.48,44,83,2.8
152,Charters Towers,AU,2022-01-21 16:58:04,-20.1,146.2667,73.11,77,97,9.91
153,Isla Vista,US,2022-01-21 16:58:05,34.4133,-119.861,68.34,56,15,2.1
154,Narsaq,GL,2022-01-21 16:58:05,60.9167,-46.05,5.05,71,17,8.3
155,Labuhan,ID,2022-01-21 16:58:05,-6.8844,112.2051,77.56,88,93,7.23
156,Bengkulu,ID,2022-01-21 16:58:06,-3.8004,102.2655,75.65,90,97,5.39
157,Maceio,BR,2022-01-21 16:53:59,-9.6658,-35.7353,90.84,51,40,13.8
158,Kingman,US,2022-01-21 16:58:06,35.1894,-114.053,50.54,29,33,0.92
159,Hasaki,JP,2022-01-21 16:58:06,35.7333,140.8333,23.4,48,30,10.6
160,La Ronge,CA,2022-01-21 16:58:07,55.1001,-105.2842,-5.55,65,20,16.11
161,Inuvik,CA,2022-01-21 16:58:07,68.3499,-133.7218,-19.19,76,0,3.44
162,Finschhafen,PG,2022-01-21 16:58:07,-6.6024,147.8681,78.69,83,100,4.03
163,Arteaga,MX,2022-01-21 16:58:08,18.4667,-102.4167,73.13,38,95,3.33
164,Grand Gaube,MU,2022-01-21 16:58:08,-20.0064,57.6608,82.8,86,11,11.99
165,Capitao Poco,BR,2022-01-21 16:58:08,-1.7464,-47.0594,90.64,49,38,4.12
166,Barahona,DO,2022-01-21 16:58:09,18.2085,-71.1008,85.82,58,20,13.8
167,General Cepeda,MX,2022-01-21 16:58:09,25.3833,-101.45,46.4,49,93,2.15
168,Loreto,MX,2022-01-21 16:58:09,22.2667,-101.9667,57.96,54,100,8.77
169,Mareeba,AU,2022-01-21 16:58:10,-17.0,145.4333,73.44,91,100,2.64
170,Chabahar,IR,2022-01-21 16:58:10,25.2919,60.643,66.67,39,0,18.9
171,Scarborough,GB,2022-01-21 16:58:10,54.2797,-0.4044,44.08,83,3,1.01
172,Sao Filipe,CV,2022-01-21 16:58:10,14.8961,-24.4956,73.9,75,90,6.71
173,Hanzhong,CN,2022-01-21 16:58:11,33.0728,107.0303,40.1,82,97,1.63
174,Makinsk,KZ,2022-01-21 16:58:11,52.6292,70.4169,-3.93,94,44,2.68
175,Port Augusta,AU,2022-01-21 16:58:11,-32.5,137.7667,73.54,66,100,8.41
176,Bathsheba,BB,2022-01-21 16:58:12,13.2167,-59.5167,84.81,58,20,28.77
177,Hambantota,LK,2022-01-21 16:58:12,6.1241,81.1185,75.74,75,22,2.98
178,Manzhouli,CN,2022-01-21 16:58:12,49.6,117.4333,-0.31,98,100,3.58
179,Acapulco,MX,2022-01-21 16:58:13,16.8634,-99.8901,81.73,60,18,3.18
180,Guerrero Negro,MX,2022-01-21 16:58:13,27.9769,-114.0611,65.26,43,0,8.84
181,Izhma,RU,2022-01-21 16:58:13,65.0083,53.9113,17.91,93,100,9.06
182,Tuatapere,NZ,2022-01-21 16:59:14,-46.1333,167.6833,55.81,90,38,4.79
183,Port Lincoln,AU,2022-01-21 16:59:14,-34.7333,135.8667,67.95,99,100,17.81
184,Bollnas,SE,2022-01-21 16:59:14,61.3482,16.3946,24.39,83,41,4.68
185,Baykit,RU,2022-01-21 16:59:15,61.67,96.37,-3.89,100,99,1.23
186,Salinopolis,BR,2022-01-21 16:59:15,-0.6136,-47.3561,84.07,69,35,9.46
187,Ahipara,NZ,2022-01-21 16:59:15,-35.1667,173.1667,58.06,89,36,4.32
188,Pecos,US,2022-01-21 16:59:15,31.4229,-103.4932,38.3,29,0,3.44
189,Lompoc,US,2022-01-21 16:59:16,34.6391,-120.4579,68.13,75,23,13.0
190,Esqueda,MX,2022-01-21 16:59:16,30.7167,-109.5833,47.39,48,0,2.89
191,Yelniki,RU,2022-01-21 16:59:16,54.6207,43.876,18.36,92,100,17.2
192,Hervey Bay,AU,2022-01-21 16:59:17,-25.2986,152.8535,72.01,80,99,3.0
193,Metairie,US,2022-01-21 16:59:17,29.9841,-90.1528,37.13,76,100,4.0
194,Dawlatabad,AF,2022-01-21 16:59:17,36.4141,64.9053,38.7,78,100,12.62
195,Bulgan,MN,2022-01-21 16:59:18,48.8125,103.5347,5.7,98,100,1.14
196,Havoysund,NO,2022-01-21 16:59:18,70.9963,24.6622,23.23,60,53,4.23
197,Kuldur,RU,2022-01-21 16:59:18,49.2167,131.6333,-13.31,97,41,4.97
198,Marawi,PH,2022-01-21 16:59:19,7.9986,124.2928,67.64,92,95,0.94
199,Vicente Guerrero,MX,2022-01-21 16:59:19,19.1194,-98.1708,56.59,59,66,8.66
200,Nome,US,2022-01-21 16:57:04,64.5011,-165.4064,21.27,86,100,16.11
201,Georgetown,MY,2022-01-21 16:57:17,5.4112,100.3354,82.89,85,20,1.01
202,Gwadar,PK,2022-01-21 16:59:19,25.1216,62.3254,68.47,44,0,24.54
203,Eenhana,NA,2022-01-21 16:59:20,-17.4667,16.3333,68.68,85,100,6.04
204,Namatanai,PG,2022-01-21 16:59:20,-3.6667,152.4333,78.69,83,99,4.38
205,Kaeo,NZ,2022-01-21 16:59:20,-35.1,173.7833,56.32,92,83,4.94
206,Guadalupe Y Calvo,MX,2022-01-21 16:59:21,26.1,-106.9667,50.36,25,0,2.55
207,Kulhudhuffushi,MV,2022-01-21 16:59:21,6.6221,73.07,80.83,64,92,5.75
208,Lekoni,GA,2022-01-21 16:59:21,-1.5843,14.2591,85.95,41,61,2.82
209,Lebedinyy,RU,2022-01-21 16:59:22,58.5167,125.5167,-0.56,93,93,5.28
210,Fontem,CM,2022-01-21 16:59:22,5.4685,9.8818,82.2,34,88,5.35
211,Zheleznodorozhnyy,RU,2022-01-21 16:59:22,55.7503,38.0042,21.61,96,100,7.52
212,Kupang,ID,2022-01-21 16:59:23,-10.1667,123.5833,77.58,94,75,4.61
213,Boende,CD,2022-01-21 16:59:23,-0.2167,20.8667,82.18,44,49,3.09
214,Uray,RU,2022-01-21 16:59:23,60.1247,64.7758,12.94,97,96,6.33
215,Assiniboia,CA,2022-01-21 16:59:23,49.6334,-105.9845,30.11,74,81,25.32
216,Kudahuvadhoo,MV,2022-01-21 16:59:24,2.6708,72.8944,81.45,71,92,9.22
217,Hualmay,PE,2022-01-21 16:59:24,-11.0964,-77.6139,76.51,72,70,10.09
218,Cervia,IT,2022-01-21 16:59:24,44.2657,12.3427,46.45,89,20,5.75
219,Alice Springs,AU,2022-01-21 16:57:53,-23.7,133.8833,72.95,99,100,3.0
220,Bairiki,KI,2022-01-21 16:59:25,1.3292,172.9752,80.6,83,20,8.05
221,Port Arthur,CN,2022-01-21 16:59:25,38.8,121.2667,28.62,43,100,0.6
222,Dudinka,RU,2022-01-21 16:59:25,69.4058,86.1778,9.09,92,99,20.09
223,Oktyabrskoye,RU,2022-01-21 16:59:26,43.0645,44.7417,21.34,85,2,4.47
224,Mengen,DE,2022-01-21 16:59:26,48.0495,9.3301,32.27,74,64,3.33
225,Albania,AL,2022-01-21 16:59:26,41.0,20.0,40.39,85,100,6.53
226,Tambopata,PE,2022-01-21 16:59:27,-12.7333,-69.1833,75.09,94,100,4.61
227,Bijie,CN,2022-01-21 16:59:27,27.3125,105.2942,40.69,97,100,4.34
228,Sibu,MY,2022-01-21 16:59:27,2.3,111.8167,75.51,100,40,1.99
229,Geraldton,AU,2022-01-21 16:59:28,-28.7667,114.6,76.12,73,0,8.05
230,Shache,CN,2022-01-21 17:00:29,38.4167,77.2406,27.25,42,0,2.77
231,The Valley,AI,2022-01-21 16:57:34,18.217,-63.0578,82.26,61,20,17.27
232,Kodiak,US,2022-01-21 17:00:30,57.79,-152.4072,38.71,93,100,0.0
233,Mocuba,MZ,2022-01-21 17:00:30,-16.8392,36.9856,75.29,75,97,5.19
234,Vila Franca Do Campo,PT,2022-01-21 17:00:31,37.7167,-25.4333,65.19,76,24,14.18
235,Dingle,PH,2022-01-21 17:00:31,10.9995,122.6711,73.76,91,58,7.18
236,Avarua,CK,2022-01-21 17:00:32,-21.2078,-159.775,80.65,89,75,17.27
237,Longyearbyen,SJ,2022-01-21 17:00:32,78.2186,15.6401,21.04,68,40,25.32
238,Saint-Augustin,CA,2022-01-21 17:00:32,51.226,-58.6502,-2.09,74,2,10.18
239,Jimma,ET,2022-01-21 17:00:33,7.6667,36.8333,66.31,48,99,3.09
240,Ambilobe,MG,2022-01-21 17:00:33,-13.2,49.05,76.15,91,100,7.9
241,Velyka Bilozerka,UA,2022-01-21 17:00:33,47.2776,34.7062,27.52,76,99,8.41
242,Luderitz,NA,2022-01-21 17:00:34,-26.6481,15.1594,79.39,60,64,11.45
243,Magaria,NE,2022-01-21 17:00:34,12.9983,8.9099,71.96,12,0,8.77
244,Saskylakh,RU,2022-01-21 17:00:34,71.9167,114.0833,0.43,94,100,6.73
245,Acevedo,CO,2022-01-21 17:00:35,1.8361,-75.855,77.83,64,50,4.32
246,Tahe,CN,2022-01-21 17:00:35,52.3333,124.7333,-15.36,98,7,2.82
247,Beira,MZ,2022-01-21 17:00:35,-19.8436,34.8389,80.69,69,20,14.97
248,Mahon,ES,2022-01-21 17:00:36,39.8885,4.2658,46.96,71,40,13.8
249,Ancud,CL,2022-01-21 17:00:36,-41.8697,-73.8203,64.42,71,99,15.35
250,Winslow,US,2022-01-21 17:00:37,35.0242,-110.6974,44.29,23,60,1.52
251,Wiarton,CA,2022-01-21 17:00:37,44.7407,-81.1332,17.4,81,66,7.61
252,Pervomayskoye,RU,2022-01-21 17:00:38,43.919,46.7102,31.53,79,3,10.76
253,Strezhevoy,RU,2022-01-21 17:00:38,60.7333,77.5889,12.18,87,100,8.88
254,Lebu,CL,2022-01-21 17:00:39,-37.6167,-73.65,62.2,64,0,8.7
255,Port Hedland,AU,2022-01-21 17:00:39,-20.3167,118.5667,84.25,79,88,4.61
256,Ende,ID,2022-01-21 17:00:39,-8.8432,121.6623,77.65,88,96,4.43
257,San Policarpo,PH,2022-01-21 17:00:40,12.1791,125.5072,77.88,84,80,14.07
258,Castro-Urdiales,ES,2022-01-21 17:00:40,43.3829,-3.2204,46.98,64,60,11.5
259,Yatou,CN,2022-01-21 17:00:41,37.15,122.3833,29.91,59,100,2.24
260,Diffa,NE,2022-01-21 17:00:41,13.3154,12.6113,69.24,16,24,9.13
261,San Andres,CO,2022-01-21 17:00:42,12.5847,-81.7006,84.22,70,40,16.11
262,Shelburne,CA,2022-01-21 16:59:47,44.0787,-80.2041,12.13,74,9,3.38
263,Mana,GF,2022-01-21 17:00:42,5.6592,-53.7767,79.59,85,69,11.7
264,Oxford,GB,2022-01-21 16:56:58,51.7522,-1.256,40.77,87,100,1.01
265,Narrabri,AU,2022-01-21 17:00:42,-30.3167,149.7833,63.52,81,1,3.0
266,Pevek,RU,2022-01-21 17:00:43,69.7008,170.3133,-35.0,99,26,4.29
267,Katsuura,JP,2022-01-21 17:00:43,35.1333,140.3,39.31,45,0,7.54
268,Juruti,BR,2022-01-21 17:00:43,-2.1522,-56.0922,92.84,42,76,5.75
269,Taksimo,RU,2022-01-21 17:00:44,56.3444,114.8794,-16.11,93,55,0.94
270,Lagoa,PT,2022-01-21 17:00:44,39.05,-27.9833,60.08,82,19,21.09
271,Manokwari,ID,2022-01-21 17:00:44,-0.8667,134.0833,78.6,83,100,8.59
272,Pangnirtung,CA,2022-01-21 17:00:45,66.1451,-65.7125,-29.27,95,92,4.09
273,Whitianga,NZ,2022-01-21 17:00:45,-36.8333,175.7,58.01,82,16,5.53
274,Broome,US,2022-01-21 17:00:45,42.2506,-75.833,16.32,62,29,1.99
275,Nemuro,JP,2022-01-21 17:00:46,43.3236,145.575,27.75,76,99,23.64
276,Beringovskiy,RU,2022-01-21 17:00:46,63.05,179.3167,-8.32,65,16,18.95
277,Terney,RU,2022-01-21 17:01:46,45.0503,136.6092,5.18,80,3,10.42
278,Tharad,IN,2022-01-21 17:01:47,24.3961,71.6267,71.42,73,0,19.39
279,Carutapera,BR,2022-01-21 17:01:47,-1.195,-46.02,87.22,58,28,8.16
280,Urumqi,CN,2022-01-21 17:00:08,43.801,87.6005,16.75,93,90,2.24
281,Bintulu,MY,2022-01-21 17:01:47,3.1667,113.0333,75.09,92,100,3.4
282,Puerto Madryn,AR,2022-01-21 16:59:01,-42.7692,-65.0385,77.77,26,0,19.91
283,Skelleftea,SE,2022-01-21 17:01:48,64.7507,20.9528,23.36,61,0,1.01
284,Tulum,MX,2022-01-21 17:01:48,20.2167,-87.4667,79.99,70,8,6.89
285,Tangwani,PK,2022-01-21 17:01:48,28.2787,68.9972,61.9,55,30,15.7
286,Tarpon Springs,US,2022-01-21 17:00:04,28.1461,-82.7568,76.15,76,0,1.01
287,Yumen,CN,2022-01-21 17:01:49,40.2833,97.2,22.21,49,100,9.06
288,Mata,PT,2022-01-21 17:01:49,40.683,-7.4592,48.6,57,60,12.33
289,Lewistown,US,2022-01-21 17:01:49,40.5992,-77.5714,20.84,73,0,4.61
290,Tuktoyaktuk,CA,2022-01-21 17:01:50,69.4541,-133.0374,-30.42,100,51,3.51
291,Bereda,ES,2022-01-21 17:01:50,43.2686,-7.5406,47.95,71,43,9.44
292,Correderos,HN,2022-01-21 17:01:50,15.4167,-88.45,71.96,78,92,0.65
293,Katunino,RU,2022-01-21 17:01:51,64.3862,40.6298,28.29,97,100,3.62
294,Ndjole,GA,2022-01-21 17:01:51,-0.1783,10.7649,85.95,63,66,2.35
295,Kalabo,ZM,2022-01-21 17:01:51,-14.97,22.6814,75.11,64,99,2.06
296,Fereydunshahr,IR,2022-01-21 17:01:52,32.941,50.121,7.84,45,0,3.36
297,Mahebourg,MU,2022-01-21 17:01:52,-20.4081,57.7,82.26,85,30,18.14
298,Golyshmanovo,RU,2022-01-21 17:01:52,56.3979,68.3728,-8.14,100,39,4.83
299,Vsetaty,CZ,2022-01-21 17:01:53,50.2819,14.593,32.79,68,43,12.68
300,Mason City,US,2022-01-21 17:01:53,43.1536,-93.201,3.33,71,0,14.97
301,Jinka,ET,2022-01-21 17:01:53,5.65,36.65,68.11,56,100,1.66
302,Zelenoborskiy,RU,2022-01-21 17:01:54,66.845,32.3622,14.22,90,24,7.7
303,Bethel,US,2022-01-21 17:00:22,41.3712,-73.414,21.18,56,100,1.01
304,Viedma,AR,2022-01-21 17:01:54,-40.8135,-62.9967,82.4,16,0,15.43
305,Kavaratti,IN,2022-01-21 17:01:54,10.5669,72.642,80.6,67,86,10.96
306,Aksu,CN,2022-01-21 17:01:55,41.1231,80.2644,25.05,56,2,0.89
307,Cabo San Lucas,MX,2022-01-21 17:00:01,22.8909,-109.9124,74.52,52,16,1.99
308,Dergachi,RU,2022-01-21 17:01:55,51.2328,48.7659,14.18,97,100,11.52
309,Agadez,NE,2022-01-21 17:01:56,19.75,10.25,60.67,21,0,6.51
310,Soe,ID,2022-01-21 17:01:56,-9.8607,124.284,64.54,94,100,4.18
311,Adrar,MR,2022-01-21 17:01:56,20.5022,-10.0711,81.03,15,99,14.03
312,Karratha,AU,2022-01-21 17:01:57,-20.7377,116.8463,84.63,66,79,14.54
313,Leningradskiy,RU,2022-01-21 17:01:57,69.3833,178.4167,-29.72,87,3,4.43
314,Ekibastuz,KZ,2022-01-21 17:01:57,51.6667,75.3667,5.45,91,93,8.77
315,Tayoltita,MX,2022-01-21 17:01:58,24.0833,-105.9333,71.1,29,44,4.23
316,Providencia,MX,2022-01-21 17:01:58,28.7167,-111.5833,66.47,43,0,9.35
317,Ketchikan,US,2022-01-21 17:01:58,55.3422,-131.6461,40.95,97,100,8.72
318,Wattegama,LK,2022-01-21 17:01:58,6.7989,81.4808,67.78,85,71,1.79
319,Vagur,FO,2022-01-21 17:01:59,61.4732,-6.8119,46.78,83,100,30.89
320,Igis,CH,2022-01-21 17:02:59,46.9453,9.5722,32.86,89,91,0.27
321,Zhangye,CN,2022-01-21 17:02:59,38.9342,100.4517,23.0,49,64,3.15
322,Zhigansk,RU,2022-01-21 17:03:00,66.7697,123.3711,-14.06,97,100,15.41
323,Freeport,US,2022-01-21 17:02:11,40.6576,-73.5832,23.02,49,0,5.01
324,Port-Gentil,GA,2022-01-21 17:03:00,-0.7193,8.7815,80.4,79,32,13.15
325,Crotone,IT,2022-01-21 17:03:01,39.0851,17.1178,45.93,85,72,16.44
326,Balezino,RU,2022-01-21 17:03:01,57.9796,53.0106,10.36,96,100,7.07
327,Upernavik,GL,2022-01-21 17:03:01,72.7868,-56.1549,-5.35,91,99,3.8
328,Vila Velha,BR,2022-01-21 17:00:42,-20.3297,-40.2925,94.44,70,20,1.99
329,Mizusawa,JP,2022-01-21 17:03:02,39.1333,141.1333,22.77,89,9,4.65
330,Tessalit,ML,2022-01-21 17:03:02,20.1986,1.0114,72.81,12,37,10.29
331,Whitehaven,GB,2022-01-21 17:02:17,54.549,-3.5841,42.66,95,34,1.99
332,Tarsus,TR,2022-01-21 17:03:02,36.9188,34.8784,46.27,72,67,5.59
333,Clyde River,CA,2022-01-21 17:03:03,70.4692,-68.5914,-15.5,80,100,3.4
334,Verkhnyaya Inta,RU,2022-01-21 17:03:03,65.9811,60.3094,22.77,84,100,15.88
335,Benin,BJ,2022-01-21 17:03:03,9.5,2.25,89.46,13,53,6.08
336,Victoria,HK,2022-01-21 17:00:58,22.2855,114.1577,65.95,89,100,1.99
337,Filadelfia,US,2022-01-21 17:03:02,39.9523,-75.1638,24.69,45,75,4.0
338,Jakar,BT,2022-01-21 17:03:04,27.5492,90.7525,30.63,96,100,0.74
339,Rawson,AR,2022-01-21 16:58:30,-43.3002,-65.1023,76.3,29,0,27.89
340,Valparaiso,CL,2022-01-21 16:58:49,-33.0393,-71.6273,71.83,44,0,10.36
341,Guaruja,BR,2022-01-21 17:02:06,-23.9931,-46.2564,94.15,65,50,5.86
342,Shellbrook,CA,2022-01-21 17:03:04,53.2168,-106.4011,3.22,84,100,18.86
343,Todos Santos,MX,2022-01-21 17:03:04,23.45,-110.2167,71.74,48,33,5.28
344,Bendigo,AU,2022-01-21 17:03:05,-36.7667,144.2833,67.64,47,0,6.64
345,Canyon,US,2022-01-21 17:03:05,34.9803,-101.9188,36.01,48,5,16.96
346,Evensk,RU,2022-01-21 17:03:05,61.95,159.2333,-13.13,76,1,6.02
347,San Patricio,US,2022-01-21 17:03:06,28.017,-97.5169,41.41,46,100,11.7
348,Opuwo,NA,2022-01-21 17:03:06,-18.0607,13.84,74.97,59,100,3.8
349,Half Moon Bay,US,2022-01-21 17:00:17,37.4636,-122.4286,60.78,70,1,1.99
350,Zaidpur,IN,2022-01-21 17:03:06,26.8333,81.3333,55.47,62,0,2.39
351,Bandarbeyla,SO,2022-01-21 17:03:07,9.4942,50.8122,76.68,75,78,20.69
352,Zambezi,ZM,2022-01-21 17:03:07,-13.5432,23.1047,69.01,86,100,5.77
353,Lumeje,AO,2022-01-21 17:03:07,-11.55,20.7833,73.38,69,98,6.06
354,Airai,TL,2022-01-21 17:03:08,-8.9266,125.4092,59.72,93,100,3.2
355,Lukulu,ZM,2022-01-21 17:03:08,-14.3707,23.242,73.2,71,97,4.5
356,Baijiantan,CN,2022-01-21 17:03:08,45.6333,85.1833,15.89,92,80,2.55
357,Tilichiki,RU,2022-01-21 17:03:09,60.4667,166.1,-17.99,83,1,8.55
358,Warmbad,NA,2022-01-21 17:03:09,-28.45,18.7333,82.38,47,81,18.97
359,Mangrol,IN,2022-01-21 17:03:09,21.1167,70.1167,73.31,88,5,10.36
360,Batagay-Alyta,RU,2022-01-21 17:03:10,67.8006,130.4114,-20.94,90,59,3.96
361,Andra,RU,2022-01-21 17:03:10,62.5147,65.8878,5.5,100,91,4.9
362,Rocha,UY,2022-01-21 17:03:10,-34.4833,-54.3333,93.97,45,97,10.22
363,Buraydah,SA,2022-01-21 17:03:11,26.326,43.975,46.45,25,0,7.61
364,Iracoubo,GF,2022-01-21 17:03:11,5.4802,-53.2011,79.27,86,67,12.12
365,Presidencia Roque Saenz Pena,AR,2022-01-21 17:03:11,-26.7852,-60.4388,107.64,21,4,12.71
366,Vardo,NO,2022-01-21 17:03:12,70.3705,31.1107,22.98,80,75,14.97
367,Brandenburg,DE,2022-01-21 17:04:12,52.4167,12.55,36.91,87,13,9.71
368,Hohhot,CN,2022-01-21 17:04:12,40.8106,111.6522,23.63,97,99,1.97
369,Chinique,GT,2022-01-21 17:04:13,15.0447,-91.0258,73.06,41,0,4.23
370,Mbini,GQ,2022-01-21 17:04:13,1.574,9.6134,81.91,73,24,9.06
371,Boffa,GN,2022-01-21 17:04:13,10.1667,-14.0333,88.5,45,33,12.19
372,Kaka,TM,2022-01-21 17:04:13,37.3482,59.6143,35.15,85,100,12.93
373,Tiksi,RU,2022-01-21 17:04:14,71.6872,128.8694,-10.14,93,79,7.56
374,Falmouth,GB,2022-01-21 17:04:14,50.1544,-5.0711,43.7,75,6,6.26
375,Zhangjiakou,CN,2022-01-21 17:04:15,40.81,114.8794,17.62,93,100,1.74
376,Naron,ES,2022-01-21 17:04:15,43.5167,-8.1528,53.04,65,43,16.44
377,Illkirch-Graffenstaden,FR,2022-01-21 17:04:15,48.5289,7.7152,39.27,72,100,3.44
378,Pacific Grove,US,2022-01-21 16:59:49,36.6177,-121.9166,60.46,75,86,3.0
379,Ambanja,MG,2022-01-21 17:04:15,-13.6833,48.45,75.51,92,100,3.71
380,Grajau,BR,2022-01-21 17:04:16,-5.8194,-46.1386,88.14,60,8,1.03
381,Zugdidi,GE,2022-01-21 17:04:16,42.5088,41.8709,33.03,88,3,5.01
382,Clarence Town,AU,2022-01-21 17:04:16,-32.5833,151.7833,70.86,93,24,0.4
383,Tarko-Sale,RU,2022-01-21 17:04:17,64.9225,77.785,2.89,96,12,11.1
384,Derzhavinsk,KZ,2022-01-21 17:04:17,51.1,66.3167,0.16,99,79,6.44
385,Iguape,BR,2022-01-21 17:02:12,-24.7081,-47.5553,84.99,62,75,8.57
386,Lorengau,PG,2022-01-21 17:04:17,-2.0226,147.2712,80.64,75,100,2.21
387,Praia,CV,2022-01-21 17:04:18,14.9215,-23.5087,79.34,57,75,14.97
388,Sorochinsk,RU,2022-01-21 17:04:18,52.4338,53.1583,4.77,100,93,5.01
389,Dehloran,IR,2022-01-21 17:04:18,32.6941,47.2679,44.47,38,0,4.07
390,Wawa,NG,2022-01-21 17:04:19,9.9022,4.4192,86.43,17,35,6.53
391,Kirovskiy,RU,2022-01-21 17:04:19,45.0917,133.5136,-16.35,99,11,3.69
392,Karla,EE,2022-01-21 17:04:19,59.3723,24.9275,29.91,88,100,14.97
393,Suruc,TR,2022-01-21 17:04:20,36.9761,38.425,28.6,57,15,3.83
394,Uspenka,UA,2022-01-21 17:04:20,48.3903,39.1619,28.8,93,100,5.06
395,Fangshan,CN,2022-01-21 17:04:20,39.6983,115.9925,22.86,92,100,2.01
396,Oyo,NG,2022-01-21 17:04:21,7.85,3.9333,91.98,15,50,5.08
397,Camopi,GF,2022-01-21 17:04:21,3.1655,-52.3158,72.88,99,100,4.25
398,Muravlenko,RU,2022-01-21 17:04:21,63.7898,74.523,2.57,98,47,8.9
399,Egvekinot,RU,2022-01-21 17:04:21,66.3167,-179.1667,-13.58,61,9,19.75
400,Batemans Bay,AU,2022-01-21 17:04:22,-35.7167,150.1833,65.1,83,75,2.64
401,Naze,JP,2022-01-21 17:04:22,28.3667,129.4833,56.64,66,99,14.16
402,Emmett,US,2022-01-21 17:04:22,43.8735,-116.4993,31.93,96,66,4.9
403,Beyneu,KZ,2022-01-21 17:04:23,45.3167,55.2,24.8,79,17,3.38
404,Tautira,PF,2022-01-21 17:01:49,-17.7333,-149.15,77.02,81,100,15.48
405,Boa Vista,BR,2022-01-21 17:04:23,2.8197,-60.6733,91.38,43,75,12.66
406,Moreira Sales,BR,2022-01-21 17:04:23,-24.0622,-53.0069,92.05,34,41,9.08
407,Emerald,AU,2022-01-21 17:04:24,-23.5333,148.1667,69.35,69,84,10.69
408,Jiuquan,CN,2022-01-21 17:04:24,39.7432,98.5174,21.72,49,94,1.41
409,Maragogi,BR,2022-01-21 17:04:21,-9.0122,-35.2225,85.5,60,4,10.4
410,Praia Da Vitoria,PT,2022-01-21 17:04:24,38.7333,-27.0667,63.75,78,30,17.54
411,Hongjiang,CN,2022-01-21 17:04:25,27.11,109.9956,49.55,98,100,3.2
412,Saint Anthony,US,2022-01-21 17:04:25,45.0205,-93.218,9.72,62,0,5.99
413,Garmsar,IR,2022-01-21 17:04:25,35.2182,52.3409,34.84,38,0,5.95
414,Fortuna,US,2022-01-21 17:04:26,40.5982,-124.1573,45.93,96,100,1.99
415,Tat,HU,2022-01-21 17:04:26,47.7415,18.6481,34.11,57,12,13.98
416,Lokosovo,RU,2022-01-21 17:05:26,61.1333,74.8167,13.71,88,98,10.49
417,Ballina,AU,2022-01-21 17:05:27,-28.8667,153.5667,67.95,88,62,13.38
418,Homer,US,2022-01-21 17:05:27,59.6425,-151.5483,40.89,75,100,4.61
419,Port Keats,AU,2022-01-21 17:05:27,-14.25,129.55,79.63,88,68,7.05
420,Najran,SA,2022-01-21 17:05:28,17.4924,44.1277,60.89,56,5,10.83
421,Cervo,ES,2022-01-21 17:05:28,43.6702,-7.4101,49.96,67,48,25.05
422,Toktogul,KG,2022-01-21 17:05:28,41.8708,72.9402,24.39,53,3,4.03
423,Gorontalo,ID,2022-01-21 17:05:29,0.5412,123.0595,74.19,96,100,4.45
424,Russell,US,2022-01-21 17:05:29,32.3502,-85.1999,38.91,87,100,5.75
425,Emba,KZ,2022-01-21 17:05:29,48.8264,58.1442,7.23,88,100,4.47
426,Lumberton,US,2022-01-21 17:05:29,34.6182,-79.0086,34.11,76,100,13.76
427,Gasa,PS,2022-01-21 17:03:05,31.5,34.4667,53.91,62,21,8.81
428,Perry,US,2022-01-21 17:05:30,37.2506,-83.1999,27.12,72,98,8.21
429,Asyut,EG,2022-01-21 17:05:30,27.181,31.1837,53.22,33,0,7.07
430,Hamilton,US,2022-01-21 17:03:21,39.1834,-84.5333,24.98,59,100,1.99
431,Phimai,TH,2022-01-21 17:05:31,15.2232,102.4947,76.33,78,54,4.63
432,Sao Bento Do Sul,BR,2022-01-21 17:04:15,-26.2503,-49.3786,81.27,35,8,4.94
433,Puerto Quijarro,BO,2022-01-21 17:05:31,-17.7833,-57.7667,94.77,40,90,3.4
434,Quelimane,MZ,2022-01-21 17:05:31,-17.8786,36.8883,74.8,81,8,5.55
435,Cabuyaro,CO,2022-01-21 17:05:32,4.2817,-72.794,92.98,32,69,11.18
436,Dali,CN,2022-01-21 17:05:32,25.7,100.1833,37.44,91,6,4.03
437,Dubai,AE,2022-01-21 17:04:19,25.2582,55.3047,64.65,52,75,19.57
438,Vanavara,RU,2022-01-21 17:05:32,60.34,102.2797,-13.16,100,100,2.75
439,Sao Miguel Do Araguaia,BR,2022-01-21 17:05:33,-13.275,-50.1628,87.98,57,2,2.73
440,Brae,GB,2022-01-21 17:03:10,60.3964,-1.353,46.31,79,100,23.29
441,Mitsamiouli,KM,2022-01-21 17:05:33,-11.3847,43.2844,81.07,76,99,10.38
442,Ixtapa,MX,2022-01-21 17:05:33,20.7,-105.2,74.43,69,100,3.44
443,Mount Gambier,AU,2022-01-21 17:02:56,-37.8333,140.7667,65.71,39,92,5.99
444,Praya,CV,2022-01-21 17:05:34,14.9215,-23.5087,79.34,57,75,14.97
445,Senneterre,CA,2022-01-21 17:05:34,48.3835,-77.2328,1.31,84,78,7.58
446,Yar-Sale,RU,2022-01-21 17:05:35,66.8333,70.8333,12.13,93,100,14.67
447,Paoua,CF,2022-01-21 17:05:35,7.2427,16.4406,79.92,21,3,3.56
448,Tezu,IN,2022-01-21 17:05:35,27.9167,96.1667,56.39,64,52,3.58
449,Tomatlan,MX,2022-01-21 17:05:35,19.9333,-105.25,78.67,47,100,2.37
450,Sarakhs,IR,2022-01-21 17:05:36,36.5449,61.1577,36.34,71,100,19.24
451,Pontianak,ID,2022-01-21 17:05:36,-0.0333,109.3333,76.98,94,20,0.0
452,Basoko,CD,2022-01-21 17:05:36,1.2391,23.616,80.78,46,26,1.86
453,Karsun,RU,2022-01-21 17:05:37,54.1994,46.9827,16.23,85,100,17.07
454,Skibbereen,IE,2022-01-21 17:05:37,51.55,-9.2667,42.6,86,10,4.36
455,Padang,ID,2022-01-21 17:05:37,-0.9492,100.3543,73.45,87,97,4.05
456,Sinnamary,GF,2022-01-21 17:05:38,5.3833,-52.95,79.52,85,58,12.62
457,Kurchum,KZ,2022-01-21 17:05:38,48.5722,83.6542,-9.18,98,47,1.72
458,Synya,RU,2022-01-21 17:05:38,65.3718,58.0387,18.68,91,100,12.97
459,Shushtar,IR,2022-01-21 17:05:39,32.0455,48.8567,46.04,40,0,5.88
460,Kayunga,UG,2022-01-21 17:05:39,0.7025,32.8886,72.28,49,99,1.72
461,Vezirkopru,TR,2022-01-21 17:05:39,41.1436,35.4547,36.09,76,31,6.69
462,Humaita,BR,2022-01-21 17:06:40,-7.5061,-63.0208,82.78,78,100,2.77
463,Okitipupa,NG,2022-01-21 17:06:40,6.5047,4.7839,85.55,35,31,7.47
464,Alofi,NU,2022-01-21 17:06:40,-19.0595,-169.9187,81.21,74,80,14.27
465,Bundaberg,AU,2022-01-21 17:06:40,-24.85,152.35,68.29,86,100,3.0
466,Kandrian,PG,2022-01-21 17:06:41,-6.2167,149.55,78.03,86,100,4.34
467,Tornio,FI,2022-01-21 17:06:41,65.8481,24.1466,15.82,84,1,8.88
468,Bonoua,CI,2022-01-21 17:06:41,5.2741,-3.595,85.62,57,8,9.22
469,Boguchany,RU,2022-01-21 17:06:42,58.3814,97.4531,-6.7,100,98,0.67
470,Palauig,PH,2022-01-21 17:06:42,15.435,119.9045,77.52,77,19,5.28
471,Togur,RU,2022-01-21 17:06:42,58.3631,82.8265,1.54,99,98,4.21
472,Santiago Del Estero,AR,2022-01-21 17:06:43,-27.7951,-64.2615,103.41,26,20,17.13
473,Farah,AF,2022-01-21 17:06:43,32.5,62.5,38.01,58,100,20.42
474,Visnes,NO,2022-01-21 17:06:43,59.3556,5.2242,44.98,100,75,14.97
475,Shubarshi,KZ,2022-01-21 17:06:44,48.5872,57.1869,2.34,93,84,4.12
476,Santa Clara,CU,2022-01-21 17:06:44,22.4,-79.9667,84.97,61,40,3.44
477,Turayf,SA,2022-01-21 17:05:48,31.6725,38.6637,41.65,48,0,4.85
478,Santa Luzia,BR,2022-01-21 17:06:44,-19.7697,-43.8514,86.9,59,29,1.36
479,Banning,US,2022-01-21 17:06:45,33.9256,-116.8764,61.47,55,1,3.69
480,Fairbanks,US,2022-01-21 17:06:45,64.8378,-147.7164,6.6,75,75,8.05
481,Marsh Harbour,BS,2022-01-21 17:05:29,26.5412,-77.0636,77.68,75,49,12.06
482,Seymour,US,2022-01-21 17:06:45,38.9592,-85.8903,24.46,59,2,1.99
483,Jacareacanga,BR,2022-01-21 17:03:12,-6.2222,-57.7528,94.1,41,40,4.54
484,Lavrentiya,RU,2022-01-21 17:06:46,65.5833,-171.0,-2.81,81,100,23.42
485,Coahuayana,MX,2022-01-21 17:06:46,18.7333,-103.6833,80.08,45,99,2.8
486,Totness,SR,2022-01-21 17:06:47,5.8833,-56.3167,79.75,84,59,12.59
487,Kasempa,ZM,2022-01-21 17:06:47,-13.4584,25.8338,65.23,94,89,5.03
488,Sitka,US,2022-01-21 17:06:47,57.0531,-135.33,46.29,81,100,12.66
489,Santa Margarita,PH,2022-01-21 17:06:47,12.0378,124.6578,72.9,94,64,4.94
490,Ucluelet,CA,2022-01-21 17:06:48,48.9329,-125.5528,41.09,93,100,4.12
491,Aklavik,CA,2022-01-21 17:06:48,68.2191,-135.0107,-28.41,91,6,8.75
492,Saldanha,ZA,2022-01-21 17:06:48,-33.0117,17.9442,68.67,77,18,12.35
493,Madras,IN,2022-01-21 17:02:33,13.0878,80.2785,78.78,86,20,1.01
494,Burns Lake,CA,2022-01-21 17:06:49,54.2331,-125.7533,22.82,98,100,3.67
495,Sawtell,AU,2022-01-21 17:06:49,-30.3833,153.1,67.19,96,75,10.38
496,Senno,RU,2022-01-21 17:06:50,59.5336,33.9167,26.26,94,99,6.02
497,Marzuq,YE,2022-01-21 17:06:50,14.4,46.4667,67.03,45,13,4.72
498,Arlit,NE,2022-01-21 17:06:23,18.7369,7.3853,69.53,13,0,5.93
499,Sao Jose Da Coroa Grande,BR,2022-01-21 17:06:50,-8.8978,-35.1478,85.44,60,11,9.51
500,Zonguldak,TR,2022-01-21 17:06:51,41.25,31.8333,34.41,99,98,3.11
501,Plettenberg Bay,ZA,2022-01-21 17:06:51,-34.0527,23.3716,72.3,83,22,12.21
502,Sambava,MG,2022-01-21 17:06:51,-14.2667,50.1667,76.48,94,100,5.73
503,Te Anau,NZ,2022-01-21 17:06:51,-45.4167,167.7167,49.82,94,24,0.4
504,Sumbe,AO,2022-01-21 17:06:52,-11.2061,13.8437,77.0,70,7,9.95
505,Eyl,SO,2022-01-21 17:06:52,7.9803,49.8164,76.28,75,99,17.85
506,Pangkalanbuun,ID,2022-01-21 17:06:52,-2.6833,111.6167,73.67,94,99,2.64
507,Araouane,ML,2022-01-21 17:06:53,18.9048,-3.5265,75.38,11,4,9.01
508,Ternate,ID,2022-01-21 17:06:53,0.8,127.4,79.05,83,97,10.54
509,Ancona,IT,2022-01-21 17:07:53,43.55,13.1667,44.78,47,86,8.05
510,Vanimo,PG,2022-01-21 17:07:54,-2.6741,141.3028,77.85,91,98,10.27
511,Karasjok,NO,2022-01-21 17:07:54,69.4719,25.5112,12.31,100,42,2.84
512,Worpswede,DE,2022-01-21 17:07:54,53.2167,8.9333,42.82,97,95,4.0
513,Bahia Honda,CU,2022-01-21 17:07:55,22.9036,-83.1592,81.54,57,1,1.86
514,Inhambane,MZ,2022-01-21 17:07:55,-23.865,35.3833,76.53,70,80,14.25
515,Noyabrsk,RU,2022-01-21 17:07:55,63.1994,75.4507,8.94,94,86,13.22
516,Konya,TR,2022-01-21 17:07:56,38.1667,32.5,27.88,74,14,6.08
517,Manfredonia,IT,2022-01-21 17:07:56,41.6259,15.9094,43.39,69,90,10.07
518,Astana,KZ,2022-01-21 17:07:11,51.1801,71.446,-0.45,78,75,6.71
519,Wasilla,US,2022-01-21 17:07:56,61.5814,-149.4394,33.78,74,100,6.91
520,Udachnyy,RU,2022-01-21 17:07:57,66.4167,112.4,-17.14,99,70,4.9
521,Mahalingpur,IN,2022-01-21 17:07:57,16.3833,75.1167,71.83,39,32,6.85
522,Tevaitoa,PF,2022-01-21 17:07:57,-16.7833,-151.5,80.35,75,100,15.86
523,Port Blair,IN,2022-01-21 17:07:58,11.6667,92.75,77.29,76,66,5.84
524,Makakilo City,US,2022-01-21 17:07:58,21.3469,-158.0858,68.32,86,0,4.61
525,Winnemucca,US,2022-01-21 17:07:58,40.973,-117.7357,35.65,64,100,6.91
526,Bowen,AU,2022-01-21 17:07:59,-20.0167,148.2333,79.72,73,98,21.43
527,Sayyan,YE,2022-01-21 17:07:59,15.1718,44.3244,54.57,53,67,5.84
528,Ribeira Brava,PT,2022-01-21 17:07:59,32.65,-17.0667,69.12,38,100,14.05
529,Lewisporte,CA,2022-01-21 17:07:59,49.2499,-55.0482,23.13,57,100,10.51
530,Avera,US,2022-01-21 17:08:00,33.194,-82.5271,38.71,83,100,13.04
531,Palmer,US,2022-01-21 17:08:00,42.1584,-72.3287,19.69,48,99,7.07
532,Melo,UY,2022-01-21 17:07:44,-32.3667,-54.1833,104.72,21,14,4.34
533,Tupik,RU,2022-01-21 17:08:01,54.4253,119.9327,-19.01,96,8,1.61
534,Cidreira,BR,2022-01-21 17:08:01,-30.1811,-50.2056,81.75,76,6,16.24
535,Mogadishu,SO,2022-01-21 17:05:28,2.0371,45.3438,79.5,74,75,22.03
536,Divinopolis,BR,2022-01-21 17:08:01,-20.1389,-44.8839,82.31,69,14,1.41
537,Yongchang,CN,2022-01-21 17:08:02,30.0381,119.7317,42.87,88,100,1.66
538,Yantarnyy,RU,2022-01-21 17:08:02,54.8717,19.9381,33.66,63,100,27.45
539,Gamba,GA,2022-01-21 17:08:02,-2.65,10.0,78.89,84,92,8.57
540,Dakar,SN,2022-01-21 17:08:03,14.6937,-17.4441,85.08,69,100,8.52
541,Nelson,NZ,2022-01-21 17:08:03,-41.2833,173.2833,57.29,83,5,1.99
542,Mehamn,NO,2022-01-21 17:08:03,71.0357,27.8492,23.18,68,40,9.22
543,Putai,FR,2022-01-21 17:08:04,46.6579,1.9863,38.59,78,13,11.43
544,Mackenzie,CA,2022-01-21 17:08:04,55.2999,-123.1698,34.02,93,100,10.36
545,Paramonga,PE,2022-01-21 17:08:04,-10.6667,-77.8333,76.24,73,73,9.8
546,Talnakh,RU,2022-01-21 17:08:05,69.4865,88.3972,4.39,96,98,10.98
547,San Carlos De Bariloche,AR,2022-01-21 17:04:29,-41.1456,-71.3082,70.45,37,0,20.71
548,Carauari,BR,2022-01-21 17:05:08,-4.8828,-66.8958,82.04,76,99,4.52
549,Luena,AO,2022-01-21 17:08:05,-11.7833,19.9167,69.17,77,90,2.62
550,Samur,RU,2022-01-21 17:08:05,41.8253,48.486,34.03,75,8,7.16
551,Santa Fe,AR,2022-01-21 17:08:06,-31.6333,-60.7,103.98,35,10,11.99
552,Tazmalt,DZ,2022-01-21 17:08:06,36.3868,4.3989,49.5,63,21,4.52
553,Sangar,RU,2022-01-21 17:08:06,63.9242,127.4739,-19.35,95,100,5.64
554,Bacolod,PH,2022-01-21 17:08:07,10.6667,122.95,76.05,85,54,7.14
555,Grindavik,IS,2022-01-21 17:08:07,63.8424,-22.4338,39.67,75,75,37.98
556,Silver City,US,2022-01-21 17:04:41,32.7701,-108.2803,41.67,60,0,4.0
557,Zarate,AR,2022-01-21 17:08:07,-34.0981,-59.0286,85.71,25,2,10.47
558,Jawar,IN,2022-01-21 17:09:08,23.0,76.5,64.9,44,0,4.27
559,Beaverlodge,CA,2022-01-21 17:09:08,55.2166,-119.4361,22.35,96,100,5.14
560,Sussex,US,2022-01-21 17:09:08,41.1834,-74.6663,21.38,52,0,8.05
561,Tulu Bolo,ET,2022-01-21 17:09:09,8.6667,38.2167,59.34,60,94,10.6
562,Pultusk,PL,2022-01-21 17:09:09,52.7025,21.0828,34.05,65,77,17.9
563,Kindu,CD,2022-01-21 17:09:09,-2.95,25.95,73.67,88,100,1.45
564,Panjab,AF,2022-01-21 17:09:10,34.388,67.0233,16.07,96,100,3.74
565,Itarema,BR,2022-01-21 17:09:10,-2.9248,-39.9167,85.73,60,77,12.75
566,San Quintin,MX,2022-01-21 17:09:10,30.4833,-115.95,62.65,50,0,2.06
567,Kangshan,CN,2022-01-21 17:09:11,28.8812,116.4311,50.97,90,100,11.97
568,Constitucion,CL,2022-01-21 17:09:11,-35.3333,-72.4167,67.55,51,0,9.42
569,Blackwater,AU,2022-01-21 17:09:11,-23.5833,148.8833,68.99,70,69,12.73
570,Puri,IN,2022-01-21 17:09:12,19.8,85.85,72.12,71,17,7.74
571,Wajima,JP,2022-01-21 17:09:12,37.4,136.9,34.92,63,96,8.66
572,Sabang,ID,2022-01-21 17:09:12,5.8933,95.3214,82.11,70,30,5.06
573,Mao,ES,2022-01-21 17:05:13,39.8885,4.2658,46.96,71,40,13.8
574,Willowmore,ZA,2022-01-21 17:09:13,-33.2926,23.4895,83.48,39,0,16.67
575,Salta,AR,2022-01-21 17:09:13,-24.7859,-65.4117,86.29,57,20,5.01
576,Mogocha,RU,2022-01-21 17:09:13,53.7333,119.7667,-14.08,97,28,3.04
577,Sonamura,IN,2022-01-21 17:09:14,23.4719,91.2664,61.12,52,11,2.93
578,Comodoro Rivadavia,AR,2022-01-21 17:09:14,-45.8667,-67.5,78.66,31,75,26.46
579,Omboue,GA,2022-01-21 17:09:14,-1.5746,9.2618,80.28,80,73,9.8
580,Tolaga Bay,NZ,2022-01-21 17:09:15,-38.3667,178.3,55.65,89,13,5.64
581,Harlingen,US,2022-01-21 17:09:15,26.1906,-97.6961,37.58,87,100,13.8
582,Moron,AR,2022-01-21 17:09:15,-34.6534,-58.6198,90.01,65,35,3.18
583,Svetlyy,RU,2022-01-21 17:09:15,54.675,20.1347,33.85,65,100,20.29
584,Shingu,JP,2022-01-21 17:09:16,33.7333,135.9833,31.44,77,98,6.26
585,Manaira,BR,2022-01-21 17:09:16,-7.7061,-38.1544,92.68,27,69,1.12
586,La Libertad,EC,2022-01-21 17:09:16,-2.2333,-80.9,82.06,69,0,11.5
587,Tres Arroyos,AR,2022-01-21 17:09:17,-38.3739,-60.2798,79.72,70,99,8.66
588,Nanortalik,GL,2022-01-21 17:09:17,60.1432,-45.2371,18.73,69,44,6.55
589,Namibe,AO,2022-01-21 17:09:18,-15.1961,12.1522,75.67,66,95,10.33
590,Eirunepe,BR,2022-01-21 17:09:18,-6.6603,-69.8736,75.31,92,100,3.31
591,Merauke,ID,2022-01-21 17:09:18,-8.4667,140.3333,79.21,86,100,5.35
592,Mount Pleasant,US,2022-01-21 17:05:52,32.7941,-79.8626,37.18,96,100,4.0
593,Darnah,LY,2022-01-21 17:09:19,32.767,22.6367,57.02,65,54,9.1
594,Verkhoyansk,RU,2022-01-21 17:09:19,67.5447,133.385,-28.23,91,98,0.54
595,Antofagasta,CL,2022-01-21 17:09:19,-23.65,-70.4,71.22,63,49,10.92
596,Kushima,JP,2022-01-21 17:09:20,31.4583,131.2333,41.5,81,51,5.61
597,Port Hawkesbury,CA,2022-01-21 17:06:50,45.6169,-61.3485,23.18,81,100,8.01
598,Ponta Delgada,PT,2022-01-21 17:09:20,37.7333,-25.6667,65.5,63,20,19.57
599,Kaduy,RU,2022-01-21 17:09:20,59.2,37.15,19.44,95,100,7.9
600,Charagua,BO,2022-01-21 17:09:20,-19.8,-63.2167,94.12,31,11,12.73
601,Owando,CG,2022-01-21 17:09:21,-0.4819,15.8999,81.95,47,79,2.24
602,Marabba,SD,2022-01-21 17:09:21,12.35,32.1833,77.97,16,55,11.65
603,Timmins,CA,2022-01-21 17:04:28,48.4669,-81.3331,13.35,86,26,10.69
604,Kizema,RU,2022-01-21 17:09:21,61.113,44.8302,16.48,94,100,7.05
605,Shenjiamen,CN,2022-01-21 17:09:22,29.9576,122.298,50.56,74,100,9.13
606,Lata,PT,2022-01-21 17:09:22,40.1629,-8.3327,56.91,48,70,7.85
607,Jalalabad,AF,2022-01-21 17:09:54,34.4265,70.4515,52.57,41,100,2.39
608,Ilulissat,GL,2022-01-21 17:10:23,69.2167,-51.1,12.22,67,75,17.27
609,Talara,PE,2022-01-21 17:10:23,-4.5772,-81.2719,83.16,57,0,16.51
610,Champagnole,FR,2022-01-21 17:10:23,46.7445,5.9135,36.5,68,11,11.16
611,Yeppoon,AU,2022-01-21 17:10:24,-23.1333,150.7333,69.58,61,93,23.06
612,Simao,CN,2022-01-21 17:10:24,22.7886,100.9748,47.95,98,5,2.55
613,Coolum Beach,AU,2022-01-21 17:10:24,-26.5333,153.1,75.11,73,87,1.99
614,Sheregesh,RU,2022-01-21 17:10:25,52.9209,87.9869,-0.56,96,16,3.09
615,Amberley,US,2022-01-21 17:10:25,39.2048,-84.428,24.35,58,100,5.99
616,Sao Felix Do Xingu,BR,2022-01-21 17:10:25,-6.6447,-51.995,90.72,47,69,3.89
617,Dryden,CA,2022-01-21 17:10:25,49.7833,-92.7503,7.09,72,100,17.27
618,Acari,PE,2022-01-21 17:10:26,-15.4311,-74.6158,76.51,78,97,7.67
619,Honiara,SB,2022-01-21 17:10:26,-9.4333,159.95,76.93,86,100,1.83
620,Chengde,CN,2022-01-21 17:10:27,40.9725,117.9361,20.91,84,100,1.48
621,Magnolia,US,2022-01-21 17:09:33,33.2671,-93.2393,31.68,23,39,7.96
622,Umm Lajj,SA,2022-01-21 17:10:27,25.0213,37.2685,70.32,35,0,3.71
623,Tsiroanomandidy,MG,2022-01-21 17:10:27,-18.7667,46.0333,66.61,93,100,3.49
624,Puerto Del Rosario,ES,2022-01-21 17:08:30,28.5004,-13.8627,67.75,60,20,6.91
625,Harper,LR,2022-01-21 17:10:28,4.375,-7.7169,82.83,66,4,9.44
626,Yuanping,CN,2022-01-21 17:10:28,38.7153,112.7575,20.7,97,100,0.94
627,Haines Junction,CA,2022-01-21 17:10:28,60.7522,-137.5108,27.63,96,100,4.07
628,Sosva,RU,2022-01-21 17:10:29,59.1766,61.8558,15.42,93,76,6.55
629,Kloulklubed,PW,2022-01-21 17:10:29,7.0419,134.2556,77.5,83,100,17.6
630,Nanakuli,US,2022-01-21 17:10:29,21.3906,-158.1547,69.75,88,0,4.61
631,Imeni Poliny Osipenko,RU,2022-01-21 17:10:29,52.4201,136.4853,-23.94,100,97,2.91
632,Rio Gallegos,AR,2022-01-21 17:09:25,-51.6226,-69.2181,68.05,52,75,3.44
633,Mumbwa,ZM,2022-01-21 17:10:30,-14.9783,27.0619,68.88,73,100,4.65
634,Shevchenkove,UA,2022-01-21 17:10:30,49.6959,37.1735,28.18,92,19,12.39
635,Taltal,CL,2022-01-21 17:10:30,-25.4,-70.4833,69.58,73,31,7.94
636,La Union,PE,2022-01-21 17:10:31,-5.4,-80.75,86.31,46,27,10.09
637,Alekseyevsk,RU,2022-01-21 17:10:31,57.8406,108.3492,5.79,98,96,2.59
638,Beloha,MG,2022-01-21 17:07:19,-25.1667,45.05,73.76,87,86,10.65
639,Ugoofaaru,MV,2022-01-21 17:10:31,5.6667,73.0,81.14,65,81,8.93
640,Hovd,MN,2022-01-21 17:10:32,48.0056,91.6419,5.85,94,96,3.83
641,Ola,RU,2022-01-21 17:10:32,59.5833,151.2833,-5.51,82,82,5.86
642,Novoorsk,RU,2022-01-21 17:10:32,51.381,58.9813,-1.41,95,85,3.71
643,Srednekolymsk,RU,2022-01-21 17:10:33,67.45,153.6833,-44.54,99,54,6.2
644,Anupgarh,IN,2022-01-21 17:10:33,29.1911,73.2086,63.57,53,85,13.29
645,Gisors,FR,2022-01-21 17:10:33,49.2818,1.7801,42.08,83,98,5.99
646,Hidalgotitlan,MX,2022-01-21 17:10:34,17.7833,-94.6333,71.62,79,89,6.53
647,Byron Bay,AU,2022-01-21 17:09:30,-28.65,153.6167,73.35,73,65,13.89
648,Felanitx,ES,2022-01-21 17:10:34,39.4696,3.1483,48.72,71,70,9.89
649,Masaba,PH,2022-01-21 17:10:34,10.5333,123.9667,74.41,89,24,9.17
650,Hokitika,NZ,2022-01-21 17:10:35,-42.7167,170.9667,56.3,89,9,4.29
651,Vostok,RU,2022-01-21 17:10:35,46.4856,135.8833,-18.65,99,82,4.52
652,Prabumulih,ID,2022-01-21 17:11:35,-3.45,104.25,73.44,98,98,1.99
653,Panama City,PA,2022-01-21 17:09:54,8.9936,-79.5197,91.92,58,40,11.5
654,Talcahuano,CL,2022-01-21 17:07:51,-36.7167,-73.1167,67.68,52,0,11.5
655,Cortez,US,2022-01-21 17:11:36,37.3489,-108.5859,35.69,58,75,0.0
656,Shakhtinsk,KZ,2022-01-21 17:11:36,49.71,72.5872,1.96,89,89,4.56
657,Callaway,US,2022-01-21 17:11:36,30.153,-85.5699,42.73,92,100,3.0
658,Pitimbu,BR,2022-01-21 17:11:37,-7.4706,-34.8086,86.59,60,22,10.0
659,Ust-Nera,RU,2022-01-21 17:11:37,64.5667,143.2,-37.12,97,98,3.33
660,Floro,NO,2022-01-21 17:11:37,61.5996,5.0328,41.97,100,75,6.91
661,Zabid,YE,2022-01-21 17:11:38,14.1951,43.3152,77.79,69,59,9.1
662,Lardos,GR,2022-01-21 17:11:38,36.0942,28.0157,55.94,81,78,12.5
663,Hudson Bay,CA,2022-01-21 17:11:38,52.85,-102.3842,7.39,83,100,14.61
664,Kutum,SD,2022-01-21 17:11:38,14.2,24.6667,64.4,15,4,5.68
665,Zhezkazgan,KZ,2022-01-21 17:11:39,47.8043,67.7144,16.57,90,100,8.97
666,Cuajinicuilapa,MX,2022-01-21 17:11:39,16.4667,-98.4167,86.63,47,4,2.77
667,Moshkovo,RU,2022-01-21 17:11:40,55.3053,83.6104,-8.88,100,63,3.58
668,Jorochito,BO,2022-01-21 17:11:40,-18.05,-63.4333,91.2,42,21,11.07
669,Kamaishi,JP,2022-01-21 17:11:40,39.2667,141.8833,29.44,72,21,5.77
670,Olafsvik,IS,2022-01-21 17:11:40,64.8945,-23.7142,37.54,79,74,40.13
671,Ormara,PK,2022-01-21 17:11:41,25.2088,64.6357,71.91,55,0,25.84
672,Basco,PH,2022-01-21 17:11:41,20.4487,121.9702,74.25,80,98,29.46
673,Bonavista,CA,2022-01-21 17:11:42,48.6499,-53.1147,27.12,63,100,12.08
674,Kropotkin,RU,2022-01-21 17:11:42,45.4375,40.5756,33.71,86,100,6.38
675,Miyazu,JP,2022-01-21 17:11:42,35.5333,135.1833,29.7,83,90,3.18
676,Dharchula,IN,2022-01-21 17:11:42,29.85,80.5333,43.97,68,78,6.26
677,Ajdabiya,LY,2022-01-21 17:07:12,30.7554,20.2263,56.53,59,6,5.73
678,Bosaso,SO,2022-01-21 17:11:43,11.2842,49.1816,75.29,74,82,6.6
679,Bhatkal,IN,2022-01-21 17:11:43,13.9667,74.5667,74.73,78,51,3.18
680,Flinders,AU,2022-01-21 17:11:43,-34.5833,150.8552,65.8,85,67,3.0
681,Bambari,CF,2022-01-21 17:11:44,5.768,20.6757,87.6,20,39,3.69
682,Tommot,RU,2022-01-21 17:11:44,58.9564,126.2925,-5.84,99,98,1.25
683,Daru,PG,2022-01-21 17:11:44,-9.0763,143.2092,78.13,87,71,2.19
684,Carballo,ES,2022-01-21 17:11:45,43.213,-8.691,53.02,65,26,9.4
685,Yaring,TH,2022-01-21 17:11:45,6.8662,101.3689,76.48,83,60,8.86
686,Mersing,MY,2022-01-21 17:11:45,2.4312,103.8405,77.27,83,69,8.21
687,Port-Cartier,CA,2022-01-21 17:11:46,50.0334,-66.8654,-1.25,77,33,6.2
688,Nsunga,TZ,2022-01-21 17:11:46,-1.1439,31.3947,66.2,67,99,3.24
689,South Lake Tahoe,US,2022-01-21 17:07:22,38.9332,-119.9844,37.74,71,0,0.0
690,Port Macquarie,AU,2022-01-21 17:07:53,-31.4333,152.9167,64.89,81,58,9.15
691,Manggar,ID,2022-01-21 17:11:46,-2.8833,108.2667,78.39,82,100,7.45
692,Tadine,NC,2022-01-21 17:11:47,-21.55,167.8833,78.01,89,100,11.74
693,Bubaque,GW,2022-01-21 17:11:47,11.2833,-15.8333,79.65,66,89,11.97
694,Collie,AU,2022-01-21 17:11:47,-33.3667,116.15,73.98,35,2,5.82
695,Lezhe,AL,2022-01-21 17:11:48,41.7836,19.6436,41.32,68,74,9.8
696,Tamahu,GT,2022-01-21 17:11:48,15.3333,-90.1667,71.35,47,2,2.8
697,Pimentel,PE,2022-01-21 17:12:48,-6.8367,-79.9342,80.89,57,0,17.27
698,Xai-Xai,MZ,2022-01-21 17:12:49,-25.0519,33.6442,76.23,70,42,13.65
699,Amahai,ID,2022-01-21 17:12:49,-3.3333,128.9167,78.17,86,98,5.08
700,Mayo,US,2022-01-21 17:12:49,38.8876,-76.5119,26.31,55,0,7.0
701,Esmeraldas,BR,2022-01-21 17:09:55,-19.7625,-44.3139,86.86,67,18,1.77
702,Sibolga,ID,2022-01-21 17:12:50,1.7427,98.7792,75.78,90,100,3.29
703,Rabo De Peixe,PT,2022-01-21 17:12:50,37.8,-25.5833,64.27,96,20,19.57
704,Krasnoarmeysk,RU,2022-01-21 17:12:50,51.0239,45.6969,19.85,95,100,17.76
705,Fare,PF,2022-01-21 17:12:51,-16.7,-151.0167,80.11,76,100,14.65
706,Pochutla,MX,2022-01-21 17:12:51,15.7432,-96.4661,85.82,48,0,6.29
707,Ofunato,JP,2022-01-21 17:12:51,39.0717,141.7167,28.62,73,13,6.85
